name,link,url
"MAYLUCK Portable Compressor Nebulizer, Nebulizer Machine with 1 Set Accessory, Jet Nebulizers Personal Steam Inhaler Cool ...",https://m.media-amazon.com/images/I/71I06nUxYsL._AC_UY218_.jpg,https://www.amazon.com/s?k=oxygen+machine+for+breathing
"Oxygen Plus 99.5% Pure Recreational Oxygen Cans â€“ O+ Biggi 6-Pack â€“ Natural Breathing Remedy for Energy, Recovery â€“ 11 Lit...",https://m.media-amazon.com/images/I/61qtlFOUaxL._AC_UY218_.jpg,https://www.amazon.com/s?k=oxygen+machine+for+breathing
Zacurate 500BL Fingertip Pulse Oximeter Blood Oxygen Saturation Monitor with Batteries and Lanyard Included (Navy Blue),https://m.media-amazon.com/images/I/71U-PuWCFGL._AC_UY218_.jpg,https://www.amazon.com/s?k=oxygen+machine+for+breathing
Portable Compressor Machine for Adult and Child Daily Use - Comes with Full Kits,https://m.media-amazon.com/images/I/514vUL9GBcL._AC_UY218_.jpg,https://www.amazon.com/s?k=oxygen+machine+for+breathing
"AirPhysio Natural Breathing Lung Expansion & Mucus Removal Device, Exerciser & Cleanse Therapy Aid Improves Sleep & Fitnes...",https://m.media-amazon.com/images/I/81ALUO15ntL._AC_UY218_.jpg,https://www.amazon.com/s?k=oxygen+machine+for+breathing
"Boost Oxygen Supplemental Oxygen to Go | All-Natural Respiratory Support for Health, Wellness, Performance, Recovery and A...",https://m.media-amazon.com/images/I/615y0e7ZUHL._AC_UY218_.jpg,https://www.amazon.com/s?k=oxygen+machine+for+breathing
ğortable Oxyğ ğn Cğ¨ğ§ğœeğ§ğ­ğ«ğšğ­oğ« Mağœğ¡ğ¢nğ for Living Room,https://m.media-amazon.com/images/I/61-E7jSzW6L._AC_UY218_.jpg,https://www.amazon.com/s?k=oxygen+machine+for+breathing
"Personal Cool Mist Steam Inhaler, Handheld Steam Atomizer for Home Office Daily Use",https://m.media-amazon.com/images/I/61u7Y3MaUUL._AC_UY218_.jpg,https://www.amazon.com/s?k=oxygen+machine+for+breathing
"Pulse Oximeter Fingertip, Blood Oxygen Saturation Monitor for Pulse Rate, Heart Rate Monitor and SpO2 Levels with OLED Scr...",https://m.media-amazon.com/images/I/71LNPqA5EyL._AC_UY218_.jpg,https://www.amazon.com/s?k=oxygen+machine+for+breathing
BROAD AirPro Mask Rechargeable Electrical Air Purifying Respirator with HEPA Filter,https://m.media-amazon.com/images/I/91jAWixfQTL._AC_UY218_.jpg,https://www.amazon.com/s?k=oxygen+machine+for+breathing
Portable White System with Accessory Kit for Adult and Child Daily Use,https://m.media-amazon.com/images/I/51mGZnbxFHL._AC_UY218_.jpg,https://www.amazon.com/s?k=oxygen+machine+for+breathing
"Dexterity Health Liquid Oxygen Drops 4 oz. Dropper-Top Bottle, Vegan, All-Natural and 100% Sterile, Proprietary Blend of O...",https://m.media-amazon.com/images/I/41NItEQTRZL._AC_UY218_.jpg,https://www.amazon.com/s?k=oxygen+machine+for+breathing
"MGLIFMLY Portable Compressor Nebuliser, Home Nebuliser Machine Personal Steam Atomizer for Kids and Adult, Jet Nebuliser C...",https://m.media-amazon.com/images/I/71deNSxqv1L._AC_UY218_.jpg,https://www.amazon.com/s?k=oxygen+machine+for+breathing
"Boost Oxygen Supplemental Oxygen to Go | All-Natural Respiratory Support for Health, Wellness, Performance, Recovery and A...",https://m.media-amazon.com/images/I/716o9xT042L._AC_UY218_.jpg,https://www.amazon.com/s?k=oxygen+machine+for+breathing
"Oxygen Plus 99.5% Pure Recreational Oxygen Cans â€“ O+ Biggi 3-Pack â€“ Natural Breathing Remedy for Energy, Recovery â€“ 11 Lit...",https://m.media-amazon.com/images/I/81prMKUI+6L._AC_UY218_.jpg,https://www.amazon.com/s?k=oxygen+machine+for+breathing
Boost Oxygen Natural Portable Oxygen Pocket Size (5 Pack),https://m.media-amazon.com/images/I/61PJ9TiL6aL._AC_UY218_.jpg,https://www.amazon.com/s?k=oxygen+machine+for+breathing
Could not get name,Could not get link,https://www.amazon.com/s?k=oxygen+machine+for+breathing
Cosmedica Hyaluronic Acid Serum for Skin â€“ 4 Fl. Oz Hydrating Facial Moisturizer with Anti-Aging Skin Care Properties. Bea...,https://m.media-amazon.com/images/I/61V+6WwqlLL._AC_UY218_.jpg,https://www.amazon.com/s?k=hylarounic+acid+serum
Beverly Hills Dermal Repair Complex,https://m.media-amazon.com/images/I/711-ChgNl9L._AC_UY218_.jpg,https://www.amazon.com/s?k=beverly+hills+md
Hyaluronic Acid for Face - 100% Pure Medical Quality Clinical Strength Formula - Anti aging serum for your skin and lips (...,https://m.media-amazon.com/images/I/81zafpd-pAL._AC_UY218_.jpg,https://www.amazon.com/s?k=hylarounic+acid+serum
"Organic Hyaluronic Acid Face Serum High-Dosed Concentrate - TRIPLE SIZE 3.4 Fl. Oz. Glass Bottle â€“ Natural, Vegan Satin Na...",https://m.media-amazon.com/images/I/71rrmiuq3yL._AC_UY218_.jpg,https://www.amazon.com/s?k=hylarounic+acid+serum
Could not get name,Could not get link,https://www.amazon.com/s?k=hylarounic+acid+serum
"Grace & Stella Hyaluronic Acid Serum - Vegan - Hylarounic, Acido Hialuronico, Hyloranic Acid Serum to Hydrate and Remove F...",https://m.media-amazon.com/images/I/71FVtk4CETL._AC_UY218_.jpg,https://www.amazon.com/s?k=hylarounic+acid+serum
"Orlette Hyaluronic Acid Serum for Face with Vitamin C-E, Anti-Aging Hylarounic Acid Serum Improve Hydration and Face Plump...",https://m.media-amazon.com/images/I/719MDTo1reL._AC_UY218_.jpg,https://www.amazon.com/s?k=hylarounic+acid+serum
The Ordinary Hyaluronic Acid 2% + B5 30 ml,https://m.media-amazon.com/images/I/61l5iH-gSyL._AC_UY218_.jpg,https://www.amazon.com/s?k=hylarounic+acid+serum
CeraVe Hyaluronic Acid Face Serum | 1 oz | Hydrating Serum for Face with Vitamin B5 | For Normal to Dry Skin | Paraben & F...,https://m.media-amazon.com/images/I/61AZ4JdXPlL._AC_UY218_.jpg,https://www.amazon.com/s?k=hylarounic+acid+serum
The Ordinary Hyaluronic Acid 2% + B5 30ml,https://m.media-amazon.com/images/I/71gz+5W+IvL._AC_UY218_.jpg,https://www.amazon.com/s?k=hylarounic+acid+serum
"Hyaluronic Acid Serum 1 oz, 100% Pure Organic HA, Anti Aging Anti Wrinkle, Original Face Moisturizer for Dry Skin and Fine...",https://m.media-amazon.com/images/I/71tCrrH+LgL._AC_UY218_.jpg,https://www.amazon.com/s?k=hylarounic+acid+serum
Hyaluronic Acid Serum for Face - DOUBLE SIZE (2oz) Hyaluronic Acid Moisturizer for Skin,https://m.media-amazon.com/images/I/71L+JehF2yL._AC_UY218_.jpg,https://www.amazon.com/s?k=hylarounic+acid+serum
"TruSkin Vitamin C Serum for Face with Hyaluronic Acid, Vitamin E, Witch Hazel, 1 fl oz",https://m.media-amazon.com/images/I/516yN4iPdQL._AC_UY218_.jpg,https://www.amazon.com/s?k=hylarounic+acid+serum
"Vichy Mineral 89 Hydrating Hyaluronic Acid Serum and Daily Face Moisturizer For Stronger, Healthier Looking Skin",https://m.media-amazon.com/images/I/71VX-eTiA7L._AC_UY218_.jpg,https://www.amazon.com/s?k=hylarounic+acid+serum
"L'Oreal Paris Skincare Revitalift Derm Intensives 1.5% Pure Hyaluronic Acid Face Serum, Hyaluronic Acid Serum for Skin, Hy...",https://m.media-amazon.com/images/I/71T+txe52GL._AC_UY218_.jpg,https://www.amazon.com/s?k=hylarounic+acid+serum
"La Roche-Posay Hyalu B5 Pure Hyaluronic Acid Serum for Face, with Vitamin B5. Anti-Aging Serum Concentrate for Fine Lines....",https://m.media-amazon.com/images/I/61XXGJsOUVL._AC_UY218_.jpg,https://www.amazon.com/s?k=hylarounic+acid+serum
"Anti Aging Serum 3-Pack for Face - Vitamin C Serum, Retinol Serum, Hyaluronic Acid Serum - Face Serum Full Regimen",https://m.media-amazon.com/images/I/71nvEGwVJ6L._AC_UY218_.jpg,https://www.amazon.com/s?k=hylarounic+acid+serum
"Eva Naturals Hyaluronic Acid Face Serum - Anti-Aging, Moisturizing Wrinkle Serum with Vitamin C, B - 2 oz.",https://m.media-amazon.com/images/I/61u3rLKPojL._AC_UY218_.jpg,https://www.amazon.com/s?k=hylarounic+acid+serum
Could not get name,Could not get link,https://www.amazon.com/s?k=hylarounic+acid+serum
Beverly Hills MD Lift + Firm Sculpting Cream For Face and Neck,https://m.media-amazon.com/images/I/318QumAA6oL._AC_UY218_.jpg,https://www.amazon.com/s?k=beverly+hills+md
Beverly Hills MD Deep Wrinkle Filler - .16oz.,https://m.media-amazon.com/images/I/51G7ig+RZGL._AC_UY218_.jpg,https://www.amazon.com/s?k=beverly+hills+md
"NatureBell Hyaluronic Acid Supplements, 250mg Hyaluronic Acid with 25mg Vitamin C Per Serving, 200 Capsules, Supports Skin...",https://m.media-amazon.com/images/I/81DcCMtMckL._AC_UY218_.jpg,https://www.amazon.com/s?k=beverly+hills+md
"Advanced Collagen Supplement, Type 1, 2 and 3 with Hyaluronic Acid and Vitamin C - Anti Aging Joint Formula - Boosts Hair,...",https://m.media-amazon.com/images/I/81Im37F6gsL._AC_UY218_.jpg,https://www.amazon.com/s?k=beverly+hills+md
"Beverly Hills Instant Facelift and Eye Serum Treatment for Dark Circles, Puffy Eyes, and Wrinkles",https://m.media-amazon.com/images/I/61FA9ntlxaL._AC_UY218_.jpg,https://www.amazon.com/s?k=beverly+hills+md
Beverly Hills Crepe Correcting Body Complex,https://m.media-amazon.com/images/I/413U0rEEOWL._AC_UY218_.jpg,https://www.amazon.com/s?k=beverly+hills+md
Spectacular BROWS - Brow Enhancer and Brow Growth Serum - Eyebrow Growth Enhancer- Eyebrow Growth Serum with Biotin & Natu...,https://m.media-amazon.com/images/I/71QIs4gxTNL._AC_UY218_.jpg,https://www.amazon.com/s?k=beverly+hills+md
"Dr. Emil Nutrition Multi Collagen Plus Pills (Type I, II, III, V, X) for Anti-Aging, Hair, Skin, Nails and Joint Support, ...",https://m.media-amazon.com/images/I/71WrX2s7HqL._AC_UY218_.jpg,https://www.amazon.com/s?k=beverly+hills+md
"Collagen Peptides - Hair, Skin, Nail, and Joint Support - Type I & III Collagen - All-Natural Hydrolized Protein - 41 Serv...",https://m.media-amazon.com/images/I/71S46raN6OL._AC_UY218_.jpg,https://www.amazon.com/s?k=beverly+hills+md
Beverly Hills Lift + Firm Sculpting Cream,https://m.media-amazon.com/images/I/710XIsY0lZL._AC_UY218_.jpg,https://www.amazon.com/s?k=beverly+hills+md
"Vital Vitamins Multi Collagen Complex - Type I, II, III, V, X, Grass Fed, Non-GMO, 150 Capsules",https://m.media-amazon.com/images/I/810eRUmHtvL._AC_UY218_.jpg,https://www.amazon.com/s?k=beverly+hills+md
"NuOrganic Eyebrow Serum Growth Enhancer Gel | Naturally Grow Fuller, Darker & Thicker brows | Plant Based Stem Cell Serum ...",https://m.media-amazon.com/images/I/81+5w-N503L._AC_UY218_.jpg,https://www.amazon.com/s?k=beverly+hills+md
"Crepe Erase Advanced Body Repair Treatment with TruFirm Complex, 2-Step Kit",https://m.media-amazon.com/images/I/71dNZaWfhAL._AC_UY218_.jpg,https://www.amazon.com/s?k=beverly+hills+md
"Advanced Collagen Supplement, Type 1, 2 and 3 with Hyaluronic Acid and Vitamin C - Anti Aging Joint Formula - Boosts Hair,...",https://m.media-amazon.com/images/I/71J6IHBvUlL._AC_UY218_.jpg,https://www.amazon.com/s?k=beverly+hills+md
"Amazing Formulas Hyaluronic Acid 100 mg 120 Capsules (Non-GMO,Gluten Free) - Support Healthy Connective Tissue and Joints ...",https://m.media-amazon.com/images/I/71t6vRQDc0L._AC_UY218_.jpg,https://www.amazon.com/s?k=beverly+hills+md
Could not get name,Could not get link,https://www.amazon.com/s?k=beverly+hills+md
"Doppler Fetal Monitor,Baby Heart Beat Monitor Pregnancy Intelligent Noise Reduction Fetal Doppler Baby Heart Monitor for P...",https://m.media-amazon.com/images/I/61ZFmVIhRHL._AC_UY218_.jpg,https://www.amazon.com/s?k=fetal+doppler
"Dopplse FetÉ‘l Monitor,FetÉ‘l Dopplse BÉ‘by HeÉ‘rt Monitor for PregnÉ‘ncy Gifts for First Time Moms",https://m.media-amazon.com/images/I/41rv3PfITfL._AC_UY218_.jpg,https://www.amazon.com/s?k=fetal+doppler
"2021 Portable ğ‘­ğ’†ğ’•ğ’‚ğ’ ğƒğ¨ğ©ğ©ğ¥ğğ«,Compat BÉ‘by Hğ’†É‘rğ’•bğ’†É‘ğ’• ğ¦ğ¨ğ§ğ¢ğ­ğ¨ğ« ğ’‡ğ’†ğ’•ğ’‚ğ’ ğ’…ğ’ğ’‘ğ’‘ğ’ğ’†ğ’“+Free Gelo US Sh...",https://m.media-amazon.com/images/I/61x5Vifu8aL._AC_UY218_.jpg,https://www.amazon.com/s?k=fetal+doppler
Could not get name,Could not get link,https://www.amazon.com/s?k=fetal+doppler
Dopplse FetÉ‘l Monitor HeÉ‘rt BeÉ‘t PregnÉ‘ncy for Home - Prenaatal Monitoring Devices - Intelligent Noise Reduction - Sonolioe B,https://m.media-amazon.com/images/I/717QwIeTaoL._AC_UY218_.jpg,https://www.amazon.com/s?k=fetal+doppler
"2021 Portable ğ‘­ğ’†ğ’•ğ’‚ğ’ ğƒğ¨ğ©ğ©ğ¥ğğ«, New BÉ‘by Hğ’†É‘rğ’•bğ’†É‘ğ’• ğ¦ğ¨ğ§ğ¢ğ­ğ¨ğ« ğ’‡ğ’†ğ’•ğ’‚ğ’ ğ’…ğ’ğ’‘ğ’‘ğ’ğ’†ğ’“+Free Gelo US Ship...",https://m.media-amazon.com/images/I/51REU1ftoEL._AC_UY218_.jpg,https://www.amazon.com/s?k=fetal+doppler
"FetÉ‘l Dopple, BÉ‘by Dopple, BÉ‘by HeÉ‘rtbeÉ‘t Monitor PregnÉ‘ncy BÉ‘by HeÉ‘rt Monitor for Home",https://m.media-amazon.com/images/I/71EN-t+d8ML._AC_UY218_.jpg,https://www.amazon.com/s?k=fetal+doppler
"Fetal Doppler,Baby Heart Monitor for Pregnancy Doppler Fetal Heartbeat Pregnency for Home with Battery",https://m.media-amazon.com/images/I/61FxBjpl-xL._AC_UY218_.jpg,https://www.amazon.com/s?k=fetal+doppler
"2021 Portable Baby Bump Counter System,FetÉ‘l HeÉ‘rt Dopplse for PregnÉ‘ncy",https://m.media-amazon.com/images/I/51rqSzDEKqL._AC_UY218_.jpg,https://www.amazon.com/s?k=fetal+doppler
ã€USA in Stockã€‘ FetÉ‘l Dopplse - Dopplse Fetel Heartdsat Pregnency for Home - Pronatal Monitoring Devices - Hear Bobys HeÉ‘rt...,https://m.media-amazon.com/images/I/61lGFY4+JVL._AC_UY218_.jpg,https://www.amazon.com/s?k=fetal+doppler
"Portable ğ‘­ğ’†ğ’•ğ’‚ğ’ ğƒğ¨ğ©ğ©ğ¥ğğ« BÉ‘by HeÉ‘rtBeÉ‘t PregnÉ‘ncy ğ¦ğ¨ğ§ğ¢ğ­ğ¨ğ« ,Perfect Premium Baby System Support Pillows ( ...",https://m.media-amazon.com/images/I/6108ZcVeEVL._AC_UY218_.jpg,https://www.amazon.com/s?k=fetal+doppler
"Fğ’†ğ’•É‘l ğ’…ğ’ğ’‘ğ’‘ğ’ğ’†ğ’“ HeÉ‘rğ’• Dğ’ğ’‘ğ’‘lse Hğ’†É‘rğ’• Bğ’†É‘ğ­ ğ¦ğ¨ğ§ğ¢ğ­ğ¨ğ« for Pğ«egğ§É‘ğ§cy Pocket for Home Use,US Shipping",https://m.media-amazon.com/images/I/61QCXV6sIZL._AC_UY218_.jpg,https://www.amazon.com/s?k=fetal+doppler
"2021 Portable ğ‘­ğ’†ğ’•ğ’‚ğ’ ğƒğ¨ğ©ğ©ğ¥ğğ«, New BÉ‘by Hğ’†É‘rğ’•bğ’†É‘ğ’• ğ¦ğ¨ğ§ğ¢ğ­ğ¨ğ« ğ’‡ğ’†ğ’•ğ’‚ğ’ ğ’…ğ’ğ’‘ğ’‘ğ’ğ’†ğ’“ US Shipping +Free...",https://m.media-amazon.com/images/I/51REU1ftoEL._AC_UY218_.jpg,https://www.amazon.com/s?k=fetal+doppler
Intelligent Noise Reduction FetÉ‘l HeÉ‘rt Dopplse - FetÉ‘l Dopplse HeÉ‘rt BeÉ‘t Monitor - FetÉ‘l Dopplse BÉ‘by HeÉ‘rt Monitor - Bo...,https://m.media-amazon.com/images/I/61f3f45S-BL._AC_UY218_.jpg,https://www.amazon.com/s?k=fetal+doppler
"Boby Dopplse HeÉ‘Rt Beet Monitor Fetele,Dopplse Fetel Monitor Portatil,Boby FetÉ‘L Dopplse HeÉ‘Rt Monitor,Boby HeÉ‘Rt BeÉ‘T Mon...",https://m.media-amazon.com/images/I/71833cWlU8L._AC_UY218_.jpg,https://www.amazon.com/s?k=fetal+doppler
"(US Shipping 2-5 Days) Portable Dopplse BÉ‘by HeÉ‘rt, Handheld Dopplse PregnÉ‘ncy with GEL0",https://m.media-amazon.com/images/I/51FYiekCOtL._AC_UY218_.jpg,https://www.amazon.com/s?k=fetal+doppler
Tangshi PortÉ‘ble FetÉ‘l Monitor Household HeÉ‘rtbeÉ‘t Detector for PregnÉ‘nt Women,https://m.media-amazon.com/images/I/51Gmpl1Q5zL._AC_UY218_.jpg,https://www.amazon.com/s?k=fetal+doppler
Could not get name,Could not get link,https://www.amazon.com/s?k=fetal+doppler
"PharMeDoc Pregnancy Pillow, Grey U-Shape Full Body Pillow and Maternity Support - Support for Back, Hips, Legs, Belly for ...",https://m.media-amazon.com/images/I/71Fj1UX3dQL._AC_UY218_.jpg,https://www.amazon.com/s?k=pregnancy+&+maternity+products
Belly Bottle Pregnancy Water Bottle Intake Tracker with Weekly Milestone Stickers (BPA-Free) Pregnancy Gifts for First tim...,https://m.media-amazon.com/images/I/61-aBQg4uBL._AC_UY218_.jpg,https://www.amazon.com/s?k=pregnancy+&+maternity+products
Palmer's Cocoa Butter Formula Complete Stretch Mark and Pregnancy Skin Care Kit,https://m.media-amazon.com/images/I/71JZ1BS9ykL._AC_UY218_.jpg,https://www.amazon.com/s?k=pregnancy+&+maternity+products
Could not get name,Could not get link,https://www.amazon.com/s?k=pregnancy+&+maternity+products
"AZMED Maternity Belt, Breathable Pregnancy Back Support, Premium Belly Band, More Than 1.3M Happy Mothers, Lightweight Abd...",https://m.media-amazon.com/images/I/71fVIxPie1L._AC_UY218_.jpg,https://www.amazon.com/s?k=pregnancy+&+maternity+products
"First Response Early Result Pregnancy Test, 3 Tests (Packaging & Test Design May Vary)",https://m.media-amazon.com/images/I/71RtE8XlfDL._AC_UY218_.jpg,https://www.amazon.com/s?k=pregnancy+&+maternity+products
Pregnancy Hacks: 350+ Easy Hacks for a Happy and Healthy Pregnancy!,https://m.media-amazon.com/images/I/71sWvlNqa4L._AC_UY218_.jpg,https://www.amazon.com/s?k=pregnancy+&+maternity+products
"Palmer's Cocoa Butter Formula Massage Lotion For Stretch Marks, Pregnancy Skin Care, 8.5 Ounces",https://m.media-amazon.com/images/I/711oQWQgEqL._AC_UY218_.jpg,https://www.amazon.com/s?k=pregnancy+&+maternity+products
"Clearblue Digital Pregnancy Test with Smart Countdown, 5 count",https://m.media-amazon.com/images/I/81YDxRmWo4L._AC_UY218_.jpg,https://www.amazon.com/s?k=pregnancy+&+maternity+products
"PharMeDoc Pregnancy Pillow, C-Shape Full Body Pillow and Maternity Support ( Grey Jersey Cover)- Support for Back, Hips, L...",https://m.media-amazon.com/images/I/615knAA7lJL._AC_UY218_.jpg,https://www.amazon.com/s?k=pregnancy+&+maternity+products
"Pearhead My Pregnancy Journal, Pregnancy Book, Capture Every Precious Moment of Your Pregnancy, Gift for New Mom",https://m.media-amazon.com/images/I/81q+Ez6sosL._AC_UY218_.jpg,https://www.amazon.com/s?k=pregnancy+&+maternity+products
"Maternity Belt Pregnancy Support Belt Bump Band Abdominal Support Belt Belly Back Bump Brace Strap,Black",https://m.media-amazon.com/images/I/61ygYyMCqLL._AC_UY218_.jpg,https://www.amazon.com/s?k=pregnancy+&+maternity+products
"Clearblue Rapid Detection Pregnancy Test, 2 Count",https://m.media-amazon.com/images/I/71wMG1HePoL._AC_UY218_.jpg,https://www.amazon.com/s?k=pregnancy+&+maternity+products
"AccuMed Pregnancy Test Strips, 25-Count Individually Wrapped Pregnancy Strips, Early Home Detection Pregnancy Test Kit, Cl...",https://m.media-amazon.com/images/I/618L944RGCL._AC_UY218_.jpg,https://www.amazon.com/s?k=pregnancy+&+maternity+products
Expecting You â€” A Keepsake Pregnancy Journal,https://m.media-amazon.com/images/I/81goUZZpb3L._AC_UY218_.jpg,https://www.amazon.com/s?k=pregnancy+&+maternity+products
"1 MIDDLE ONE Pregnancy Pillow, C Shaped Full Body Pillow for Maternity Support, Pregnant Women Sleeping Pillow with Velour...",https://m.media-amazon.com/images/I/61ulrMh+BCL._AC_UY218_.jpg,https://www.amazon.com/s?k=pregnancy+&+maternity+products
Calvin Klein Women's Modern Cotton Lightly Lined Triangle Nursing Bra,https://m.media-amazon.com/images/I/61cyo6ieNBL._AC_UY218_.jpg,https://www.amazon.com/s?k=pregnancy+&+maternity+products
Could not get name,Could not get link,https://www.amazon.com/s?k=pregnancy+&+maternity+products
