link,url
https://encrypted-tbn0.gstatic.com/images?q=tbn:ANd9GcSbqhRwZhpOAAoDFCylmGjUD79170-6rrxBCVqOWCSc02xMLnudBnCEMRe9CQ&s,https://www.google.com/search?site=&tbm=isch&source=hp&biw=1873&bih=990&q=hylarounic+acid+serum
https://encrypted-tbn0.gstatic.com/images?q=tbn:ANd9GcSeSPHUx6Vk80womQ6uuvBaETHiziIWm-Tynyej7Q_qjIpUF6gUSAMq1WJ05EU&s,https://www.google.com/search?site=&tbm=isch&source=hp&biw=1873&bih=990&q=hylarounic+acid+serum
https://encrypted-tbn0.gstatic.com/images?q=tbn:ANd9GcQknWawQ__wgMWMbOQk8wf91IOtcomVJojKKMGuVSpr8rAQfU_W8qhpopXNXQ&s,https://www.google.com/search?site=&tbm=isch&source=hp&biw=1873&bih=990&q=hylarounic+acid+serum
https://encrypted-tbn0.gstatic.com/images?q=tbn:ANd9GcTBnHBIofbQzfiU_AC1xUJdRmaA3-Uiw3xRIU-_frO5cyZSSqTtuATfGSdt-A&s,https://www.google.com/search?site=&tbm=isch&source=hp&biw=1873&bih=990&q=hylarounic+acid+serum
https://encrypted-tbn0.gstatic.com/images?q=tbn:ANd9GcRCq4bAx8qM0n2vYG3D4ZtV2uyqKyHf84s-F4GKGLpZNPBNEG_j3Ct8MxdlLw&s,https://www.google.com/search?site=&tbm=isch&source=hp&biw=1873&bih=990&q=hylarounic+acid+serum
https://encrypted-tbn0.gstatic.com/images?q=tbn:ANd9GcS1x6dp0Ez7cbraZ4CiPyi2CHb-EO8uhmCECA_CmhwGHlHPAXBhceAfIfj6Xw&s,https://www.google.com/search?site=&tbm=isch&source=hp&biw=1873&bih=990&q=hylarounic+acid+serum
https://encrypted-tbn0.gstatic.com/images?q=tbn:ANd9GcSGpmnKClo990i7e-sDkmyEbZrclWFmltpYF1M00GwjgRJi36ii8sWO-3Mtv60&s,https://www.google.com/search?site=&tbm=isch&source=hp&biw=1873&bih=990&q=hylarounic+acid+serum
https://encrypted-tbn0.gstatic.com/images?q=tbn:ANd9GcR-BtHxkfvD8B22YO-0-jRwJv5Z3NbKQPU-_zMNr9V4UsRUEVLqfi1mp6rpSw&s,https://www.google.com/search?site=&tbm=isch&source=hp&biw=1873&bih=990&q=hylarounic+acid+serum
https://encrypted-tbn0.gstatic.com/images?q=tbn:ANd9GcRbPyRBv5ffviqll9nalk8p1cf_vS5KOV9es7RmOTrduDPYOmrygNwVJkAlKg&s,https://www.google.com/search?site=&tbm=isch&source=hp&biw=1873&bih=990&q=hylarounic+acid+serum
https://encrypted-tbn0.gstatic.com/images?q=tbn:ANd9GcT38UNlwpwjtv6do1MfxvASB_wLwg5RjrXq1J-6jlR18oP0fjl6fcz5vgN6sw&s,https://www.google.com/search?site=&tbm=isch&source=hp&biw=1873&bih=990&q=hylarounic+acid+serum
https://encrypted-tbn0.gstatic.com/images?q=tbn:ANd9GcQdp4Sy334VWRCB7O9NGznE0_0wFqodATxjgTnIVsqilzgpEmD-hZVNarw0WQ&s,https://www.google.com/search?site=&tbm=isch&source=hp&biw=1873&bih=990&q=hylarounic+acid+serum
https://encrypted-tbn0.gstatic.com/images?q=tbn:ANd9GcQ_yDEO0EBXzDUsjpMPvARWrFWteKdwW1t5jIauX-1czMreJjUGoMhZM3GVcaI&s,https://www.google.com/search?site=&tbm=isch&source=hp&biw=1873&bih=990&q=hylarounic+acid+serum
https://encrypted-tbn0.gstatic.com/images?q=tbn:ANd9GcT8VRAgXJw3vrk2-O35WDHqdlSwdeH3chHwOV3G6y5oRKuLz69tSekSv-VUTkk&s,https://www.google.com/search?site=&tbm=isch&source=hp&biw=1873&bih=990&q=oxygen+machine+for+breathing
https://encrypted-tbn0.gstatic.com/images?q=tbn:ANd9GcT6bv1kXCMavEArcMmusQz3iSzaglF25QPR72X-Ul6t-sTs2s7t8LRRdezrl40&s,https://www.google.com/search?site=&tbm=isch&source=hp&biw=1873&bih=990&q=oxygen+machine+for+breathing
https://encrypted-tbn0.gstatic.com/images?q=tbn:ANd9GcQALLtycpBO6SqkMFkQMi3ELwXBjqPIzPWhXUTVnkml6NyPdxysPEaNOQp0FQ&s,https://www.google.com/search?site=&tbm=isch&source=hp&biw=1873&bih=990&q=oxygen+machine+for+breathing
https://encrypted-tbn0.gstatic.com/images?q=tbn:ANd9GcR_ZiCdLKI7wdhtfkrIznbk3pXUHR6PEXfMQqCZhE9rRnDlC0eRqRJjlyFkqw&s,https://www.google.com/search?site=&tbm=isch&source=hp&biw=1873&bih=990&q=oxygen+machine+for+breathing
https://encrypted-tbn0.gstatic.com/images?q=tbn:ANd9GcTdk9nA2dxRg8Tpwcz-Wz_1pl40EdwCBxQ0u0UKxhCt_x1e6UBqC_MVejD8Dg&s,https://www.google.com/search?site=&tbm=isch&source=hp&biw=1873&bih=990&q=oxygen+machine+for+breathing
https://encrypted-tbn0.gstatic.com/images?q=tbn:ANd9GcTLO_ZzemLmS9a2KJqfpGAH2Va-qwWC9ffYcBFAoKfeCEIwNhKGgPU-9sOSU9E&s,https://www.google.com/search?site=&tbm=isch&source=hp&biw=1873&bih=990&q=oxygen+machine+for+breathing
https://encrypted-tbn0.gstatic.com/images?q=tbn:ANd9GcTucARPobmD3SXADCiTkpS_stoPjy54FB1ov2Tp42YLA8chi_YUoLsQANIPYAI&s,https://www.google.com/search?site=&tbm=isch&source=hp&biw=1873&bih=990&q=oxygen+machine+for+breathing
https://encrypted-tbn0.gstatic.com/images?q=tbn:ANd9GcQJHURMYeXh3dSgZ7RH5I-0zfd6JSDyjJ6Bi2GzYlgdXI0al0C_ZmIiUp6LdQ&s,https://www.google.com/search?site=&tbm=isch&source=hp&biw=1873&bih=990&q=oxygen+machine+for+breathing
https://encrypted-tbn0.gstatic.com/images?q=tbn:ANd9GcTvfCrE6JK5O2Y94_6AzQZM2JqsGpmciCm4rLi-Dx6bZlUP0MZ5BhUTZEO7m0g&s,https://www.google.com/search?site=&tbm=isch&source=hp&biw=1873&bih=990&q=oxygen+machine+for+breathing
https://encrypted-tbn0.gstatic.com/images?q=tbn:ANd9GcSF1YU1GTyveRGhqEAaFAEhP3KwfH9PxhwbE5KjEQAjON1XyvdYeL7a0ZJxCbc&s,https://www.google.com/search?site=&tbm=isch&source=hp&biw=1873&bih=990&q=oxygen+machine+for+breathing
https://encrypted-tbn0.gstatic.com/images?q=tbn:ANd9GcSg2J_cHqscb8zVAkA7VTDlhmLtX0U-fkKlxZCXJgteABtiQVEr0WfmRcxXOQ&s,https://www.google.com/search?site=&tbm=isch&source=hp&biw=1873&bih=990&q=oxygen+machine+for+breathing
https://encrypted-tbn0.gstatic.com/images?q=tbn:ANd9GcRt9cDDLaSWNFH7n_9zYQDu2urwJEcIITmEXwlWxf773yahYn1OLzG5mRW73t0&s,https://www.google.com/search?site=&tbm=isch&source=hp&biw=1873&bih=990&q=oxygen+machine+for+breathing
https://encrypted-tbn0.gstatic.com/images?q=tbn:ANd9GcQ1DlaO95KRXiEVZIviNBch2gxAYNuww8eoRvPUHz4JJGxU3zOdSb7TSvIh4Q&s,https://www.google.com/search?site=&tbm=isch&source=hp&biw=1873&bih=990&q=oxygen+machine+for+breathing
https://encrypted-tbn0.gstatic.com/images?q=tbn:ANd9GcS7hxhsaEn-Rrw0I6w6vHRKmT2W65OVZjgJ3D7zpCVN-e5rMXPY51UNaC_XuA&s,https://www.google.com/search?site=&tbm=isch&source=hp&biw=1873&bih=990&q=oxygen+machine+for+breathing
https://encrypted-tbn0.gstatic.com/images?q=tbn:ANd9GcSq0zgcknREu_3Gq8XMLKfEMY8JxLVHJx90UcjlEtYIfJELGp__ThbI4klbCw&s,https://www.google.com/search?site=&tbm=isch&source=hp&biw=1873&bih=990&q=oxygen+machine+for+breathing
https://encrypted-tbn0.gstatic.com/images?q=tbn:ANd9GcTAj_Hn_XMgM4XekcJWWisoQqQcF3jJxRCjjDkKTfbpdGdDgg4cuQ8sgQfmQQ&s,https://www.google.com/search?site=&tbm=isch&source=hp&biw=1873&bih=990&q=oxygen+machine+for+breathing
https://encrypted-tbn0.gstatic.com/images?q=tbn:ANd9GcRlJfVWDv2T3lpWY_gS1RVNgmCvChAWtmCB0kJzHHav9EN9HZTpMM_BIJVi0A&s,https://www.google.com/search?site=&tbm=isch&source=hp&biw=1873&bih=990&q=oxygen+machine+for+breathing
https://encrypted-tbn0.gstatic.com/images?q=tbn:ANd9GcSH1Md0IhRhSfXRlTn93v0yN69zND0JinlpirQWAZP7ZrM0SzYBL9V0NevREjU&s,https://www.google.com/search?site=&tbm=isch&source=hp&biw=1873&bih=990&q=oxygen+machine+for+breathing
https://encrypted-tbn0.gstatic.com/images?q=tbn:ANd9GcTJNBuQfU5_JZi4okJOKjPOp_nMTWnbZcVyAD3lLPMuHfqwrlE3zLxBDvh3KA&s,https://www.google.com/search?site=&tbm=isch&source=hp&biw=1873&bih=990&q=oxygen+machine+for+breathing
https://encrypted-tbn0.gstatic.com/images?q=tbn:ANd9GcT45QdJw-KS33oyp93QxdQhyK0Bl7PFFHs3K23nd-MY3D-K61R-o9eOwQ951QI&s,https://www.google.com/search?site=&tbm=isch&source=hp&biw=1873&bih=990&q=oxygen+machine+for+breathing
https://encrypted-tbn0.gstatic.com/images?q=tbn:ANd9GcSjHlygXYDdnuq1yO-MkYOSuVs1IEs9nzuOQxJCRvigo2MofMPcotXltVFO0Ds&s,https://www.google.com/search?site=&tbm=isch&source=hp&biw=1873&bih=990&q=hylarounic+acid+serum
https://encrypted-tbn0.gstatic.com/images?q=tbn:ANd9GcTWnO0jZao8ZLCTLI-LdztqfZJgC9mQRQ8fLilyoDh58N696pSs4NWrCYP1VdQ&s,https://www.google.com/search?site=&tbm=isch&source=hp&biw=1873&bih=990&q=hylarounic+acid+serum
https://encrypted-tbn0.gstatic.com/images?q=tbn:ANd9GcTijz_jcdEW58pPsWY8YOnu1dVnCAyx5ssjNMetH4t_vExmqb6UMCx-wd5Aeuk&s,https://www.google.com/search?site=&tbm=isch&source=hp&biw=1873&bih=990&q=hylarounic+acid+serum
https://encrypted-tbn0.gstatic.com/images?q=tbn:ANd9GcS5141GHacsbgCTR2G33k9aZB01t9JRg3KiG2WdhnlwKL2SqrVuqvJ6Wq8g2A&s,https://www.google.com/search?site=&tbm=isch&source=hp&biw=1873&bih=990&q=hylarounic+acid+serum
https://encrypted-tbn0.gstatic.com/images?q=tbn:ANd9GcQQq8BgY9AXJt-w_pnkkipojHs1c6WEvCewFGSAsCDh4UNpfCLcZ6rgzYXXnQ&s,https://www.google.com/search?site=&tbm=isch&source=hp&biw=1873&bih=990&q=hylarounic+acid+serum
https://encrypted-tbn0.gstatic.com/images?q=tbn:ANd9GcTzFBUxrxVfemJXRLMG-tedZ7ICLwqV1DNB9DS6ClTKn-jnmL27ji1MJdKqDkA&s,https://www.google.com/search?site=&tbm=isch&source=hp&biw=1873&bih=990&q=hylarounic+acid+serum
https://encrypted-tbn0.gstatic.com/images?q=tbn:ANd9GcSOmN6FmMFMDGGqIfu1QUHTM_4sS-4Bjyso3PQN_QLu_6Z8UyeGCckXHTrMbg&s,https://www.google.com/search?site=&tbm=isch&source=hp&biw=1873&bih=990&q=hylarounic+acid+serum
https://encrypted-tbn0.gstatic.com/images?q=tbn:ANd9GcSgp2uv_GE902r0NS0GX1JX4WBO2OeKHisNSIM8JzxXdJXnwl0Q9VccnPqwXQ&s,https://www.google.com/search?site=&tbm=isch&source=hp&biw=1873&bih=990&q=hylarounic+acid+serum
https://encrypted-tbn0.gstatic.com/images?q=tbn:ANd9GcRw262nURiXG5cgJZTTe_-s8XaUH7a7LrqtcO6jd4YOx3xa7D-C4DTtPV6vKqM&s,https://www.google.com/search?site=&tbm=isch&source=hp&biw=1873&bih=990&q=pregnancy+&+maternity+products
https://encrypted-tbn0.gstatic.com/images?q=tbn:ANd9GcQ5YCegdCjIsV4wmEvRPRkPIp4POX8OrJcLYeWtfPmoHNjune3tn71BlzToJT0&s,https://www.google.com/search?site=&tbm=isch&source=hp&biw=1873&bih=990&q=pregnancy+&+maternity+products
https://encrypted-tbn0.gstatic.com/images?q=tbn:ANd9GcS5v_Hoh_CrD6hX3osnZkMEyYt5Vj_LGVDos3ZJ6DXWgOpcnOQrgNx92OYY9u0&s,https://www.google.com/search?site=&tbm=isch&source=hp&biw=1873&bih=990&q=pregnancy+&+maternity+products
https://encrypted-tbn0.gstatic.com/images?q=tbn:ANd9GcRqjCi-uMgV7bEKvOYpabkoamDAu-MtwQdEYdcP8dGnsS5G9Pz4uzy4IRXCIw&s,https://www.google.com/search?site=&tbm=isch&source=hp&biw=1873&bih=990&q=pregnancy+&+maternity+products
https://encrypted-tbn0.gstatic.com/images?q=tbn:ANd9GcRHtx9FnJJBQwWg4sAb-R_TloPVDdroXOFAgg0bL3b9Gi6INKOJVsY3j-0G7D4&s,https://www.google.com/search?site=&tbm=isch&source=hp&biw=1873&bih=990&q=pregnancy+&+maternity+products
https://encrypted-tbn0.gstatic.com/images?q=tbn:ANd9GcTT_mFaFSZwlS6F7AHrukrp-m9LVbYeyPf0YrHMM953Td6qAhBBq9hFQsqEdsA&s,https://www.google.com/search?site=&tbm=isch&source=hp&biw=1873&bih=990&q=pregnancy+&+maternity+products
https://encrypted-tbn0.gstatic.com/images?q=tbn:ANd9GcTzAG5qf4qYAt7sY5gK83DD04TipNkKHEWLJ_DEZNMIgGDsb3T-amjp2phQFJk&s,https://www.google.com/search?site=&tbm=isch&source=hp&biw=1873&bih=990&q=pregnancy+&+maternity+products
https://encrypted-tbn0.gstatic.com/images?q=tbn:ANd9GcRkBKwkPr1QGXKuyk4pHI1TZ42jbfPPwwV_Gp0phj3rH-zWqdGqHW_q4E2mqy0&s,https://www.google.com/search?site=&tbm=isch&source=hp&biw=1873&bih=990&q=pregnancy+&+maternity+products
https://encrypted-tbn0.gstatic.com/images?q=tbn:ANd9GcQYd9fsGeSw5_c2NFz3z0e9Bb7BICZfELICEfCmZ2nIeEb0_RgFsYwApaiZ&s,https://www.google.com/search?site=&tbm=isch&source=hp&biw=1873&bih=990&q=pregnancy+&+maternity+products
https://encrypted-tbn0.gstatic.com/images?q=tbn:ANd9GcS5KRLjUZ2iSYz1O2HwRj3OtOHFA1rsRpys63q_VxII54kUnx9tq2bLSRGkAUY&s,https://www.google.com/search?site=&tbm=isch&source=hp&biw=1873&bih=990&q=pregnancy+&+maternity+products
https://encrypted-tbn0.gstatic.com/images?q=tbn:ANd9GcRP1t91sUsw2aiaOel8nRkDqCG-oyBXxJlYvrBHEjYXHXViMjLmzeLiiMe9Tw&s,https://www.google.com/search?site=&tbm=isch&source=hp&biw=1873&bih=990&q=pregnancy+&+maternity+products
https://encrypted-tbn0.gstatic.com/images?q=tbn:ANd9GcR6N_0vR-FXz1iao9U1sNTt1GffHWHTKSvbhdpWOnzrbbiNyEbH6a-Nevv1Y8o&s,https://www.google.com/search?site=&tbm=isch&source=hp&biw=1873&bih=990&q=pregnancy+&+maternity+products
https://encrypted-tbn0.gstatic.com/images?q=tbn:ANd9GcSV1UFSvf_sMtNyU5LpK1iKu6Qa891U87EOFlsPWeYf7QYecK36cJOfGM3Fig&s,https://www.google.com/search?site=&tbm=isch&source=hp&biw=1873&bih=990&q=pregnancy+&+maternity+products
https://encrypted-tbn0.gstatic.com/images?q=tbn:ANd9GcRhABCzsshHOZ6wT8puyZGT4fuHThPEH2j8t-X2tqjKrWcl08e16lm-CvV8a10&s,https://www.google.com/search?site=&tbm=isch&source=hp&biw=1873&bih=990&q=pregnancy+&+maternity+products
https://encrypted-tbn0.gstatic.com/images?q=tbn:ANd9GcSn-LEt-HGTVeyGV55w00QOofifCH_ZWzIKYnIsZCKsOzqgdLefuKGMP8woa6U&s,https://www.google.com/search?site=&tbm=isch&source=hp&biw=1873&bih=990&q=pregnancy+&+maternity+products
https://encrypted-tbn0.gstatic.com/images?q=tbn:ANd9GcQ_Xaxo4rj7rzKNAMwQMF-XT5iYQRNwgINii81gLbjkvgpkqeGQNnZG9DaXMg&s,https://www.google.com/search?site=&tbm=isch&source=hp&biw=1873&bih=990&q=pregnancy+&+maternity+products
https://encrypted-tbn0.gstatic.com/images?q=tbn:ANd9GcQ-Z-bj9bQrI1dE-WWHqeeSVou7Dz-tASTTg61qHksFRZhAEw9V0VAIrHBGzZU&s,https://www.google.com/search?site=&tbm=isch&source=hp&biw=1873&bih=990&q=pregnancy+&+maternity+products
https://encrypted-tbn0.gstatic.com/images?q=tbn:ANd9GcTi4nmtTR3E6l3Y35w2d3jEiqMRHqb4bKVE94BXoSMICAe4eCPgQycqb8pbwQ&s,https://www.google.com/search?site=&tbm=isch&source=hp&biw=1873&bih=990&q=pregnancy+&+maternity+products
https://encrypted-tbn0.gstatic.com/images?q=tbn:ANd9GcTczef1iAWOZWVLspo9_DsziwMjLe3CTSKt-gWfnGwc0ew2Jvl4I0SLN6Artg&s,https://www.google.com/search?site=&tbm=isch&source=hp&biw=1873&bih=990&q=pregnancy+&+maternity+products
https://encrypted-tbn0.gstatic.com/images?q=tbn:ANd9GcQ9DdBC1s6zAafp28jRwSvybjlIbHBG8x90bOvOVUrcEktsV4VrSr_0t8wO5Uc&s,https://www.google.com/search?site=&tbm=isch&source=hp&biw=1873&bih=990&q=pregnancy+&+maternity+products
https://encrypted-tbn0.gstatic.com/images?q=tbn:ANd9GcR6LgpwggmQirnGSJsHr4xN9ws0VRrhVH7BVK5fhVc3y7s2YTPB7_bwfgM_Ng&s,https://www.google.com/search?site=&tbm=isch&source=hp&biw=1873&bih=990&q=beverly+hills+md
https://encrypted-tbn0.gstatic.com/images?q=tbn:ANd9GcTltAhZAjspVHMOxRWl2aiKgAhh5TPnUvzX09DV8FzrNqxAfs0X6xKxCJzC2sA&s,https://www.google.com/search?site=&tbm=isch&source=hp&biw=1873&bih=990&q=beverly+hills+md
https://encrypted-tbn0.gstatic.com/images?q=tbn:ANd9GcS82L3mlhm1VWuLcg9rvyNoa4Xp6raT1PKJLn_FvZT5u4sb3fKMJJIjME2AXw&s,https://www.google.com/search?site=&tbm=isch&source=hp&biw=1873&bih=990&q=beverly+hills+md
https://encrypted-tbn0.gstatic.com/images?q=tbn:ANd9GcS-Rao9eQNYnSVYLn5KOCrXZf34QMrTCRjZTl0f--r_e8UYmBxMLxWAJou3MP0&s,https://www.google.com/search?site=&tbm=isch&source=hp&biw=1873&bih=990&q=beverly+hills+md
https://encrypted-tbn0.gstatic.com/images?q=tbn:ANd9GcQ0ph9Q2k0lkbM6gnzSkdteVIgDE353xQD9sHjz_2T65UtzWsSxjWhGimsNmrM&s,https://www.google.com/search?site=&tbm=isch&source=hp&biw=1873&bih=990&q=beverly+hills+md
https://encrypted-tbn0.gstatic.com/images?q=tbn:ANd9GcSIRFnUvT-PQeL3ETL1ENYiHNqzPmxcdrU9A3fqwvzrUUhExk--SJyFKJbPpVs&s,https://www.google.com/search?site=&tbm=isch&source=hp&biw=1873&bih=990&q=beverly+hills+md
https://encrypted-tbn0.gstatic.com/images?q=tbn:ANd9GcQllYFS73eAytYTwtUmxa-E2dYV-T8EOEesVv_ynHo9YrY5nTFfInOJu7xuwQ&s,https://www.google.com/search?site=&tbm=isch&source=hp&biw=1873&bih=990&q=beverly+hills+md
https://encrypted-tbn0.gstatic.com/images?q=tbn:ANd9GcQDE9B6PKXTXTRagtrvtv1tD0HudMmtnxGs7gIdlmA5ntkBhA-CwyW4qhu59A&s,https://www.google.com/search?site=&tbm=isch&source=hp&biw=1873&bih=990&q=beverly+hills+md
https://encrypted-tbn0.gstatic.com/images?q=tbn:ANd9GcTdjimFcC273UYD7OVvjpX2S6c2F_DCI7w_n_ycK6wGPHbKR9wkpTZHED3ZfQ&s,https://www.google.com/search?site=&tbm=isch&source=hp&biw=1873&bih=990&q=beverly+hills+md
https://encrypted-tbn0.gstatic.com/images?q=tbn:ANd9GcRf0LBKd16G_gA7ndeWPV8jDuT4PT36I4lbnjPpv-E_XCnQeWJNYoddgxWoKA&s,https://www.google.com/search?site=&tbm=isch&source=hp&biw=1873&bih=990&q=beverly+hills+md
https://encrypted-tbn0.gstatic.com/images?q=tbn:ANd9GcTe5p6hxA8ai2iUs0WrdOlu647huM8_iM68icJB4_HUGuiuk0WQOzTd5sIpX44&s,https://www.google.com/search?site=&tbm=isch&source=hp&biw=1873&bih=990&q=beverly+hills+md
https://encrypted-tbn0.gstatic.com/images?q=tbn:ANd9GcSpmi2649JxZ5oq-b_uHJdwipHcjLm_jUOAkxriyxEJMajt-3Fg1WL75CshBA&s,https://www.google.com/search?site=&tbm=isch&source=hp&biw=1873&bih=990&q=beverly+hills+md
https://encrypted-tbn0.gstatic.com/images?q=tbn:ANd9GcTnQ7SlgdCSWH0vMyYS57aWuELVd-6q5VRneiRm0gsT3gB9TUITJQ0OJMvNA0k&s,https://www.google.com/search?site=&tbm=isch&source=hp&biw=1873&bih=990&q=beverly+hills+md
https://encrypted-tbn0.gstatic.com/images?q=tbn:ANd9GcTIcMiHzR21HJgIE6KMt-H3WXHtAII7VoYTU2XZtqVaIRBr4CRUTgmjAXh0jGk&s,https://www.google.com/search?site=&tbm=isch&source=hp&biw=1873&bih=990&q=beverly+hills+md
https://encrypted-tbn0.gstatic.com/images?q=tbn:ANd9GcRdImb9IjE36ATg05zW48S6zkFnE2OugCgx1N_hN_67T9fExMLLxQN7gXQTwII&s,https://www.google.com/search?site=&tbm=isch&source=hp&biw=1873&bih=990&q=beverly+hills+md
https://encrypted-tbn0.gstatic.com/images?q=tbn:ANd9GcSRcatwUnV62rlN93-Jj0KGb6b3YYYwEiF4uFf5sul0KMWOPia34tHVqtUSnQ&s,https://www.google.com/search?site=&tbm=isch&source=hp&biw=1873&bih=990&q=beverly+hills+md
https://encrypted-tbn0.gstatic.com/images?q=tbn:ANd9GcS219k-WYuhB98gPInnOx_FNq03hx-dr_h7q7AEGeMIf3IqEdVUHacBRIjtDpw&s,https://www.google.com/search?site=&tbm=isch&source=hp&biw=1873&bih=990&q=beverly+hills+md
https://encrypted-tbn0.gstatic.com/images?q=tbn:ANd9GcRsj3Tmzv0aohEQjtUEvEgpSfk8H6r5Yn7LL1xNFebLNzziuq5Nj7m_JWgoAw&s,https://www.google.com/search?site=&tbm=isch&source=hp&biw=1873&bih=990&q=beverly+hills+md
https://encrypted-tbn0.gstatic.com/images?q=tbn:ANd9GcQ1qSVuXHuRF1JKQWJIEFfUS8F1tI26lCifAtcEG7T9-V4oYadqbSKq3Sy8rg&s,https://www.google.com/search?site=&tbm=isch&source=hp&biw=1873&bih=990&q=beverly+hills+md
https://encrypted-tbn0.gstatic.com/images?q=tbn:ANd9GcTJVHJCosvlG2BeaeqdWdCRn0x24Scp0X7PpgxF_lCj-usQalytrUicrdnNBw&s,https://www.google.com/search?site=&tbm=isch&source=hp&biw=1873&bih=990&q=beverly+hills+md
https://encrypted-tbn0.gstatic.com/images?q=tbn:ANd9GcQXta2jmtsuDj3uV32JE7h5C1MRqiPgo7SIGOgKaBp_4LbalRoCenyAJ235_L4&s,https://www.google.com/search?site=&tbm=isch&source=hp&biw=1873&bih=990&q=fetal+doppler
https://encrypted-tbn0.gstatic.com/images?q=tbn:ANd9GcQVyzWYqpIbpPgr618l9RxfnPnybbCfunE83e2Z5tm1WDL5oetlMX5-aRBgc4Y&s,https://www.google.com/search?site=&tbm=isch&source=hp&biw=1873&bih=990&q=fetal+doppler
https://encrypted-tbn0.gstatic.com/images?q=tbn:ANd9GcSCynUQnQbGNCmIFZs49d1Wa7P-_YQG0kkaXZuwU14W7fcKYLY1w_uzOc2HAQ&s,https://www.google.com/search?site=&tbm=isch&source=hp&biw=1873&bih=990&q=fetal+doppler
https://encrypted-tbn0.gstatic.com/images?q=tbn:ANd9GcS4sS94zVkmAAvFNIm8jm8pxo9jif3H0Am7VdFQ4z523ZNsbJL1dFHOELk6Tg&s,https://www.google.com/search?site=&tbm=isch&source=hp&biw=1873&bih=990&q=fetal+doppler
https://encrypted-tbn0.gstatic.com/images?q=tbn:ANd9GcQ8ES3XRLSX0hrLIQ9pWVI6mPJH981TeDJfmc1HFFi4teM6f_Xy4pGpETdjvQ&s,https://www.google.com/search?site=&tbm=isch&source=hp&biw=1873&bih=990&q=fetal+doppler
https://encrypted-tbn0.gstatic.com/images?q=tbn:ANd9GcTHmenLLjlRpc-6V3ZInpOdczn9KYPwR4FugHbgxHKxyqJ0rlOaEdWPdR1U&s,https://www.google.com/search?site=&tbm=isch&source=hp&biw=1873&bih=990&q=fetal+doppler
https://encrypted-tbn0.gstatic.com/images?q=tbn:ANd9GcR6waT-iIK3EDGNWGC7SW5vtk20UVd1z7eb-Fr5lCbqGFWrPyWPMjxbXdjtsiU&s,https://www.google.com/search?site=&tbm=isch&source=hp&biw=1873&bih=990&q=fetal+doppler
https://encrypted-tbn0.gstatic.com/images?q=tbn:ANd9GcQWrBteQuNgBGMl9nfK3pRJkeSRDNQ8ASYlRbN2O1F8wNqUAVHZ9cdgJyN3P8s&s,https://www.google.com/search?site=&tbm=isch&source=hp&biw=1873&bih=990&q=fetal+doppler
https://encrypted-tbn0.gstatic.com/images?q=tbn:ANd9GcTqXmWlKqi7sx5hdSLZIB3IO52yRGyNsc2B-_rK35bJXAnSMApmhkD95kixuC4&s,https://www.google.com/search?site=&tbm=isch&source=hp&biw=1873&bih=990&q=fetal+doppler
https://encrypted-tbn0.gstatic.com/images?q=tbn:ANd9GcQSAgqGXHnDJrnSe0Umkx77Z6n6_RuKDd7gxX5sEKfrqV2bvRvkrcjZBCBn7Qg&s,https://www.google.com/search?site=&tbm=isch&source=hp&biw=1873&bih=990&q=fetal+doppler
https://encrypted-tbn0.gstatic.com/images?q=tbn:ANd9GcSJnNCkTgAZ2spzYu4XCCGQvtTkzuddyczs0dF5Dpf66MQMsDMIsvynG8CJIw&s,https://www.google.com/search?site=&tbm=isch&source=hp&biw=1873&bih=990&q=fetal+doppler
https://encrypted-tbn0.gstatic.com/images?q=tbn:ANd9GcSiFq-sIY2Tq58-724AyDPw6h02joAQorZmvnIVzdsNWkp8JKJg70wYRlJRG90&s,https://www.google.com/search?site=&tbm=isch&source=hp&biw=1873&bih=990&q=fetal+doppler
https://encrypted-tbn0.gstatic.com/images?q=tbn:ANd9GcR2fp583q6jGtMMVaDCVZm7MxCXnb68eNu5pRQDtzrhQmvaFUklWZj8zI6NtTA&s,https://www.google.com/search?site=&tbm=isch&source=hp&biw=1873&bih=990&q=fetal+doppler
https://encrypted-tbn0.gstatic.com/images?q=tbn:ANd9GcRXz-uRO11XIDR7_Zk-eysMOenv2A22YeOGaS1NywnqxuQZfk8BtizjmxXmZg&s,https://www.google.com/search?site=&tbm=isch&source=hp&biw=1873&bih=990&q=fetal+doppler
https://encrypted-tbn0.gstatic.com/images?q=tbn:ANd9GcRfsgsIsJOw63VMNP4--B2cmM-P4MNNydg6qGw91q6KMN37NaBAyDFGg-GzHgg&s,https://www.google.com/search?site=&tbm=isch&source=hp&biw=1873&bih=990&q=fetal+doppler
https://encrypted-tbn0.gstatic.com/images?q=tbn:ANd9GcTba5cUtH3ePZfW7mVQGuxsO8R_WjfFVMLSC-3Sd5BWFEZMcn5u02tty-Mu8A&s,https://www.google.com/search?site=&tbm=isch&source=hp&biw=1873&bih=990&q=fetal+doppler
https://encrypted-tbn0.gstatic.com/images?q=tbn:ANd9GcS1lnjKvTX-xYHp8Veh9w5ifmOd7ndbNnqM3ZC8rw3JXtBNmc_p_qsVw_aa5rs&s,https://www.google.com/search?site=&tbm=isch&source=hp&biw=1873&bih=990&q=fetal+doppler
https://encrypted-tbn0.gstatic.com/images?q=tbn:ANd9GcQf475hf8dv2lbsZ3mniUSUjJRgkkEcs-rL5XamlrOuH8Mu5MOpVFPhfICBAEk&s,https://www.google.com/search?site=&tbm=isch&source=hp&biw=1873&bih=990&q=fetal+doppler
https://encrypted-tbn0.gstatic.com/images?q=tbn:ANd9GcQHhG1zBMYoeMQWX1XYOvt2CrXbSKsmoOZOnkH48i-Kg_unCcEthMiYeEWaC8Q&s,https://www.google.com/search?site=&tbm=isch&source=hp&biw=1873&bih=990&q=fetal+doppler
https://encrypted-tbn0.gstatic.com/images?q=tbn:ANd9GcS4t0ThlwIqKQN4GDJbzEmwwU5FAkKUWPqiEkDeGmX6nhJlKdcGPjXeI9Leh_c&s,https://www.google.com/search?site=&tbm=isch&source=hp&biw=1873&bih=990&q=fetal+doppler
